TIME_PERIOD,REF_AREA,Reference area,OBS_VALUE,Age,SEX,DEATH_CAUSE
2015,NLD,Netherlands,3001.5,75 years,F,_T
2016,NLD,Netherlands,3090,75 years,F,_T
2017,NLD,Netherlands,2924,75 years,F,_T
2018,NLD,Netherlands,2885.4,75 years,F,_T
2019,NLD,Netherlands,2854.5,75 years,F,_T
2020,NLD,Netherlands,2893.6,75 years,F,_T
2021,NLD,Netherlands,3018.5,75 years,F,_T
2022,NLD,Netherlands,2949.2,75 years,F,_T
2023,NLD,Netherlands,2820.1,75 years,F,_T
2015,HUN,Hungary,5006.7,75 years,F,_T
2016,HUN,Hungary,4670.9,75 years,F,_T
2017,HUN,Hungary,4753,75 years,F,_T
2018,HUN,Hungary,4601.2,75 years,F,_T
2019,HUN,Hungary,4495.9,75 years,F,_T
2020,HUN,Hungary,4710.1,75 years,F,_T
2021,HUN,Hungary,5607.8,75 years,F,_T
2022,HUN,Hungary,4579.9,75 years,F,_T
2023,HUN,Hungary,4319.1,75 years,F,_T
2015,AUT,Austria,2802,75 years,F,_T
2016,AUT,Austria,2768.4,75 years,F,_T
2017,AUT,Austria,2672.9,75 years,F,_T
2018,AUT,Austria,2674.6,75 years,F,_T
2019,AUT,Austria,2611.8,75 years,F,_T
2020,AUT,Austria,2626.6,75 years,F,_T
2021,AUT,Austria,2647.5,75 years,F,_T
2022,AUT,Austria,2616.4,75 years,F,_T
2023,AUT,Austria,2495.3,75 years,F,_T
2015,ESP,Spain,2265.1,75 years,F,_T
2016,ESP,Spain,2226.6,75 years,F,_T
2017,ESP,Spain,2251.3,75 years,F,_T
2018,ESP,Spain,2221,75 years,F,_T
2019,ESP,Spain,2155.5,75 years,F,_T
2020,ESP,Spain,2285.1,75 years,F,_T
2021,ESP,Spain,2241.8,75 years,F,_T
2022,ESP,Spain,2240.2,75 years,F,_T
2023,ESP,Spain,2143.3,75 years,F,_T
2015,AUS,Australia,2762.3,75 years,F,_T
2016,AUS,Australia,2679.9,75 years,F,_T
2017,AUS,Australia,2648.1,75 years,F,_T
2018,AUS,Australia,2574.5,75 years,F,_T
2019,AUS,Australia,2658.3,75 years,F,_T
2020,AUS,Australia,2502,75 years,F,_T
2021,AUS,Australia,2565.9,75 years,F,_T
2022,AUS,Australia,2707.4,75 years,F,_T
2023,AUS,Australia,2548.2,75 years,F,_T
2015,CAN,Canada,3227.3,75 years,F,_T
2016,CAN,Canada,3273,75 years,F,_T
2017,CAN,Canada,3202.2,75 years,F,_T
2018,CAN,Canada,3262.4,75 years,F,_T
2019,CAN,Canada,3119.7,75 years,F,_T
2020,CAN,Canada,3349.2,75 years,F,_T
2021,CAN,Canada,3429.4,75 years,F,_T
2022,CAN,Canada,3550.8,75 years,F,_T
2015,FRA,France,2791.6,75 years,F,_T
2016,FRA,France,2756.5,75 years,F,_T
2017,FRA,France,2782.8,75 years,F,_T
2018,FRA,France,2785,75 years,F,_T
2019,FRA,France,2709.8,75 years,F,_T
2020,FRA,France,2713.7,75 years,F,_T
2021,FRA,France,2727,75 years,F,_T
2022,FRA,France,2819.7,75 years,F,_T
2015,ITA,Italy,2400,75 years,F,_T
2016,ITA,Italy,2334.1,75 years,F,_T
2017,ITA,Italy,2329.5,75 years,F,_T
2018,ITA,Italy,2317.1,75 years,F,_T
2019,ITA,Italy,2229.9,75 years,F,_T
2020,ITA,Italy,2337.4,75 years,F,_T
2021,ITA,Italy,2385.4,75 years,F,_T
2022,ITA,Italy,2298.4,75 years,F,_T
2015,USA,United States,4849,75 years,F,_T
2016,USA,United States,4943.6,75 years,F,_T
2017,USA,United States,4913.3,75 years,F,_T
2018,USA,United States,4813.4,75 years,F,_T
2019,USA,United States,4759.3,75 years,F,_T
2020,USA,United States,5455.8,75 years,F,_T
2021,USA,United States,6083.5,75 years,F,_T
2022,USA,United States,5455.6,75 years,F,_T
2015,SWE,Sweden,2582,75 years,F,_T
2016,SWE,Sweden,2569.2,75 years,F,_T
2017,SWE,Sweden,2525.1,75 years,F,_T
2018,SWE,Sweden,2488.3,75 years,F,_T
2019,SWE,Sweden,2436.2,75 years,F,_T
2020,SWE,Sweden,2376.1,75 years,F,_T
2021,SWE,Sweden,2326.5,75 years,F,_T
2022,SWE,Sweden,2277.8,75 years,F,_T
2023,SWE,Sweden,2316.1,75 years,F,_T
2015,BEL,Belgium,3224.5,75 years,F,_T
2016,BEL,Belgium,3031.9,75 years,F,_T
2017,BEL,Belgium,3041.9,75 years,F,_T
2018,BEL,Belgium,3062.2,75 years,F,_T
2019,BEL,Belgium,2917.4,75 years,F,_T
2020,BEL,Belgium,2979.1,75 years,F,_T
2021,BEL,Belgium,2922.3,75 years,F,_T
2015,IRL,Ireland,2847.4,75 years,F,_T
2016,IRL,Ireland,2741,75 years,F,_T
2017,IRL,Ireland,2646.9,75 years,F,_T
2018,IRL,Ireland,2738.3,75 years,F,_T
2019,IRL,Ireland,2534.6,75 years,F,_T
2020,IRL,Ireland,2703.2,75 years,F,_T
2021,IRL,Ireland,2788.7,75 years,F,_T
2022,IRL,Ireland,2745.8,75 years,F,_T
2015,JPN,Japan,2193.4,75 years,F,_T
2016,JPN,Japan,2178.7,75 years,F,_T
2017,JPN,Japan,2101.5,75 years,F,_T
2018,JPN,Japan,2111.7,75 years,F,_T
2019,JPN,Japan,2090.6,75 years,F,_T
2020,JPN,Japan,2061.7,75 years,F,_T
2021,JPN,Japan,2074.8,75 years,F,_T
2015,CHE,Switzerland,2371.3,75 years,F,_T
2016,CHE,Switzerland,2391.2,75 years,F,_T
2017,CHE,Switzerland,2208.2,75 years,F,_T
2018,CHE,Switzerland,2304.3,75 years,F,_T
2019,CHE,Switzerland,2156.3,75 years,F,_T
2020,CHE,Switzerland,2198.5,75 years,F,_T
2021,CHE,Switzerland,2141.1,75 years,F,_T
2022,CHE,Switzerland,2183,75 years,F,_T
2023,CHE,Switzerland,2045.2,75 years,F,_T
2015,FIN,Finland,2582.2,75 years,F,_T
2016,FIN,Finland,2613.1,75 years,F,_T
2017,FIN,Finland,2696.7,75 years,F,_T
2018,FIN,Finland,2649.8,75 years,F,_T
2019,FIN,Finland,2619.2,75 years,F,_T
2020,FIN,Finland,2531.8,75 years,F,_T
2021,FIN,Finland,2584.7,75 years,F,_T
2022,FIN,Finland,2747.6,75 years,F,_T
2015,GRC,Greece,2805.3,75 years,F,_T
2016,GRC,Greece,2811.3,75 years,F,_T
2017,GRC,Greece,2617.1,75 years,F,_T
2018,GRC,Greece,2553,75 years,F,_T
2019,GRC,Greece,2603.8,75 years,F,_T
2020,GRC,Greece,2616.2,75 years,F,_T
2021,GRC,Greece,2973.3,75 years,F,_T
2022,GRC,Greece,2722.2,75 years,F,_T
2015,GBR,United Kingdom,3297.3,75 years,F,_T
2016,GBR,United Kingdom,3353.8,75 years,F,_T
2017,GBR,United Kingdom,3233.5,75 years,F,_T
2018,GBR,United Kingdom,3385,75 years,F,_T
2019,GBR,United Kingdom,3239.2,75 years,F,_T
2020,GBR,United Kingdom,3430.1,75 years,F,_T
2021,GBR,United Kingdom,3533,75 years,F,_T
2015,CHL,Chile,3843.9,75 years,F,_T
2016,CHL,Chile,3739.9,75 years,F,_T
2017,CHL,Chile,3597.7,75 years,F,_T
2018,CHL,Chile,3524.8,75 years,F,_T
2019,CHL,Chile,3496.4,75 years,F,_T
2020,CHL,Chile,3694.6,75 years,F,_T
2021,CHL,Chile,4021,75 years,F,_T
2022,CHL,Chile,3699.2,75 years,F,_T
2015,DNK,Denmark,3153.4,75 years,F,_T
2016,DNK,Denmark,3166.5,75 years,F,_T
2017,DNK,Denmark,2938.6,75 years,F,_T
2018,DNK,Denmark,2968.1,75 years,F,_T
2019,DNK,Denmark,2772.6,75 years,F,_T
2020,DNK,Denmark,2776.5,75 years,F,_T
2021,DNK,Denmark,2824.7,75 years,F,_T
2022,DNK,Denmark,2776.7,75 years,F,_T
2015,POL,Poland,3908.7,75 years,F,_T
2016,POL,Poland,3821.7,75 years,F,_T
2017,POL,Poland,3859.1,75 years,F,_T
2018,POL,Poland,3875.4,75 years,F,_T
2019,POL,Poland,3790.5,75 years,F,_T
2020,POL,Poland,4092.6,75 years,F,_T
2021,POL,Poland,4483.4,75 years,F,_T
2022,POL,Poland,3964.2,75 years,F,_T
2015,CRI,Costa Rica,3725.1,75 years,F,_T
2016,CRI,Costa Rica,3932.2,75 years,F,_T
2017,CRI,Costa Rica,4026.7,75 years,F,_T
2018,CRI,Costa Rica,3958.5,75 years,F,_T
2019,CRI,Costa Rica,4132.9,75 years,F,_T
2020,CRI,Costa Rica,4093.6,75 years,F,_T
2021,CRI,Costa Rica,4862.6,75 years,F,_T
2022,CRI,Costa Rica,4195.5,75 years,F,_T
2015,NZL,New Zealand,3316,75 years,F,_T
2016,NZL,New Zealand,3231,75 years,F,_T
2017,NZL,New Zealand,3298.9,75 years,F,_T
2018,NZL,New Zealand,3303.5,75 years,F,_T
2015,BGR,Bulgaria,5330.1,75 years,F,_T
2016,BGR,Bulgaria,5210.2,75 years,F,_T
2017,BGR,Bulgaria,5252.2,75 years,F,_T
2018,BGR,Bulgaria,5275.2,75 years,F,_T
2019,BGR,Bulgaria,5084.1,75 years,F,_T
2020,BGR,Bulgaria,5750.5,75 years,F,_T
2021,BGR,Bulgaria,7282.5,75 years,F,_T
2022,BGR,Bulgaria,5555.8,75 years,F,_T
2015,PRT,Portugal,2672.3,75 years,F,_T
2016,PRT,Portugal,2654.5,75 years,F,_T
2017,PRT,Portugal,2664.7,75 years,F,_T
2018,PRT,Portugal,2682.5,75 years,F,_T
2019,PRT,Portugal,2630.4,75 years,F,_T
2022,PRT,Portugal,2675.1,75 years,F,_T
2015,NOR,Norway,2506.1,75 years,F,_T
2016,NOR,Norway,2543.4,75 years,F,_T
2015,LUX,Luxembourg,2034.1,75 years,F,_T
2016,LUX,Luxembourg,2282.5,75 years,F,_T
2017,LUX,Luxembourg,2352.2,75 years,F,_T
2018,LUX,Luxembourg,2127.6,75 years,F,_T
2019,LUX,Luxembourg,1995,75 years,F,_T
2020,LUX,Luxembourg,2078.2,75 years,F,_T
2021,LUX,Luxembourg,2079.4,75 years,F,_T
2022,LUX,Luxembourg,1812.6,75 years,F,_T
2023,LUX,Luxembourg,1951.4,75 years,F,_T
2015,ISL,Iceland,2681.9,75 years,F,_T
2016,ISL,Iceland,2334.1,75 years,F,_T
2017,ISL,Iceland,2265.4,75 years,F,_T
2018,ISL,Iceland,2302.1,75 years,F,_T
2019,ISL,Iceland,2336,75 years,F,_T
2020,ISL,Iceland,2528.4,75 years,F,_T
2021,ISL,Iceland,2459.3,75 years,F,_T
2022,ISL,Iceland,2591.4,75 years,F,_T
2015,ROU,Romania,5167.9,75 years,F,_T
2016,ROU,Romania,5128.8,75 years,F,_T
2017,ROU,Romania,5074,75 years,F,_T
2018,ROU,Romania,5033.5,75 years,F,_T
2019,ROU,Romania,4828,75 years,F,_T
2020,ROU,Romania,5396.4,75 years,F,_T
2022,ROU,Romania,4699.2,75 years,F,_T
2015,COL,Colombia,4601.3,75 years,F,_T
2016,COL,Colombia,4642.3,75 years,F,_T
2017,COL,Colombia,4498.2,75 years,F,_T
2018,COL,Colombia,4645.9,75 years,F,_T
2019,COL,Colombia,4567.8,75 years,F,_T
2020,COL,Colombia,5029,75 years,F,_T
2021,COL,Colombia,6227,75 years,F,_T
2015,ISR,Israel,2515,75 years,F,_T
2016,ISR,Israel,2525.6,75 years,F,_T
2017,ISR,Israel,2456.4,75 years,F,_T
2018,ISR,Israel,2351.4,75 years,F,_T
2019,ISR,Israel,2333.3,75 years,F,_T
2020,ISR,Israel,2265.6,75 years,F,_T
2021,ISR,Israel,2353.7,75 years,F,_T
2022,ISR,Israel,2296.4,75 years,F,_T
2015,ARG,Argentina,5408.6,75 years,F,_T
2016,ARG,Argentina,5577.3,75 years,F,_T
2017,ARG,Argentina,5358.6,75 years,F,_T
2018,ARG,Argentina,5281.7,75 years,F,_T
2019,ARG,Argentina,5221.2,75 years,F,_T
2020,ARG,Argentina,5404.6,75 years,F,_T
2021,ARG,Argentina,6750.4,75 years,F,_T
2022,ARG,Argentina,5617.1,75 years,F,_T
2015,MEX,Mexico,6089.5,75 years,F,_T
2016,MEX,Mexico,6180.4,75 years,F,_T
2017,MEX,Mexico,6199.2,75 years,F,_T
2018,MEX,Mexico,6119.3,75 years,F,_T
2019,MEX,Mexico,6147.3,75 years,F,_T
2020,MEX,Mexico,8433.8,75 years,F,_T
2021,MEX,Mexico,8822.4,75 years,F,_T
2022,MEX,Mexico,6264.8,75 years,F,_T
2015,BRA,Brazil,6161.6,75 years,F,_T
2016,BRA,Brazil,6194.9,75 years,F,_T
2017,BRA,Brazil,5999.6,75 years,F,_T
2018,BRA,Brazil,5912,75 years,F,_T
2019,BRA,Brazil,5800.5,75 years,F,_T
2020,BRA,Brazil,6410.2,75 years,F,_T
2021,BRA,Brazil,7998.9,75 years,F,_T
2015,LVA,Latvia,4964,75 years,F,_T
2016,LVA,Latvia,4990.3,75 years,F,_T
2017,LVA,Latvia,4913.1,75 years,F,_T
2018,LVA,Latvia,4897.3,75 years,F,_T
2019,LVA,Latvia,4769.5,75 years,F,_T
2020,LVA,Latvia,4611.5,75 years,F,_T
2021,LVA,Latvia,5498.3,75 years,F,_T
2022,LVA,Latvia,4846.4,75 years,F,_T
2023,LVA,Latvia,4340.4,75 years,F,_T
2015,LTU,Lithuania,5120.1,75 years,F,_T
2016,LTU,Lithuania,4892.2,75 years,F,_T
2017,LTU,Lithuania,4556.5,75 years,F,_T
2018,LTU,Lithuania,4474.4,75 years,F,_T
2019,LTU,Lithuania,4313.9,75 years,F,_T
2020,LTU,Lithuania,4642,75 years,F,_T
2021,LTU,Lithuania,5103.7,75 years,F,_T
2022,LTU,Lithuania,4542.2,75 years,F,_T
2023,LTU,Lithuania,3962.4,75 years,F,_T
2015,CZE,Czechia,3275.5,75 years,F,_T
2016,CZE,Czechia,3295.3,75 years,F,_T
2017,CZE,Czechia,3184.3,75 years,F,_T
2018,CZE,Czechia,3217.5,75 years,F,_T
2019,CZE,Czechia,3203.5,75 years,F,_T
2020,CZE,Czechia,3263.1,75 years,F,_T
2021,CZE,Czechia,3765.7,75 years,F,_T
2022,CZE,Czechia,3171.6,75 years,F,_T
2023,CZE,Czechia,2934,75 years,F,_T
2015,SVN,Slovenia,2711.9,75 years,F,_T
2016,SVN,Slovenia,2620.6,75 years,F,_T
2017,SVN,Slovenia,2717.2,75 years,F,_T
2018,SVN,Slovenia,2560.5,75 years,F,_T
2019,SVN,Slovenia,2404.7,75 years,F,_T
2020,SVN,Slovenia,2459.1,75 years,F,_T
2021,SVN,Slovenia,2548.8,75 years,F,_T
2022,SVN,Slovenia,2512.6,75 years,F,_T
2023,SVN,Slovenia,2257,75 years,F,_T
2015,KOR,Korea,2253.9,75 years,F,_T
2016,KOR,Korea,2211.7,75 years,F,_T
2017,KOR,Korea,2062.8,75 years,F,_T
2018,KOR,Korea,2109.7,75 years,F,_T
2019,KOR,Korea,2072.9,75 years,F,_T
2020,KOR,Korea,2056.1,75 years,F,_T
2021,KOR,Korea,2049.6,75 years,F,_T
2022,KOR,Korea,2153.9,75 years,F,_T
2015,EST,Estonia,3806.9,75 years,F,_T
2016,EST,Estonia,3936.2,75 years,F,_T
2017,EST,Estonia,3431.2,75 years,F,_T
2018,EST,Estonia,3289,75 years,F,_T
2019,EST,Estonia,3270.6,75 years,F,_T
2020,EST,Estonia,3338.7,75 years,F,_T
2021,EST,Estonia,3698.7,75 years,F,_T
2022,EST,Estonia,3504.4,75 years,F,_T
2015,HRV,Croatia,3653,75 years,F,_T
2016,HRV,Croatia,3307.9,75 years,F,_T
2017,HRV,Croatia,3445.2,75 years,F,_T
2018,HRV,Croatia,3299.5,75 years,F,_T
2019,HRV,Croatia,3301.5,75 years,F,_T
2020,HRV,Croatia,3432.7,75 years,F,_T
2021,HRV,Croatia,3959,75 years,F,_T
2015,PER,Peru,3756.6,75 years,F,_T
2016,PER,Peru,3708.3,75 years,F,_T
2017,PER,Peru,4436.5,75 years,F,_T
2018,PER,Peru,4749.9,75 years,F,_T
2019,PER,Peru,4609.7,75 years,F,_T
2020,PER,Peru,6740.1,75 years,F,_T
2021,PER,Peru,8077.1,75 years,F,_T
2022,PER,Peru,4827.9,75 years,F,_T
2015,RUS,Russia,7214.2,75 years,F,_T
2016,RUS,Russia,6947.2,75 years,F,_T
2017,RUS,Russia,6445.6,75 years,F,_T
2018,RUS,Russia,6361,75 years,F,_T
2019,RUS,Russia,6133.7,75 years,F,_T
2015,DEU,Germany,3082,75 years,F,_T
2016,DEU,Germany,3055.8,75 years,F,_T
2017,DEU,Germany,2983.1,75 years,F,_T
2018,DEU,Germany,3002.7,75 years,F,_T
2019,DEU,Germany,2896,75 years,F,_T
2020,DEU,Germany,2875.9,75 years,F,_T
2016,SVK,Slovak Republic,4033.6,75 years,F,_T
2017,SVK,Slovak Republic,3948.7,75 years,F,_T
2018,SVK,Slovak Republic,4011.6,75 years,F,_T
2019,SVK,Slovak Republic,3929.1,75 years,F,_T
2020,SVK,Slovak Republic,4015,75 years,F,_T
2021,SVK,Slovak Republic,4928.8,75 years,F,_T
2022,SVK,Slovak Republic,3919.4,75 years,F,_T
2023,SVK,Slovak Republic,3706.8,75 years,F,_T
2016,ZAF,South Africa,15864.7,75 years,F,_T
2017,ZAF,South Africa,15002.1,75 years,F,_T
2018,ZAF,South Africa,14265.7,75 years,F,_T
2017,TUR,Türkiye,3949.6,75 years,F,_T
2018,TUR,Türkiye,3697.2,75 years,F,_T
2019,TUR,Türkiye,3585.5,75 years,F,_T
2020,TUR,Türkiye,3763.6,75 years,F,_T
2021,TUR,Türkiye,4315.2,75 years,F,_T
2022,TUR,Türkiye,3594.1,75 years,F,_T
2023,TUR,Türkiye,5538.4,75 years,F,_T
2017,TUR,Türkiye,7159.1,75 years,M,_T
2018,TUR,Türkiye,6843.9,75 years,M,_T
2019,TUR,Türkiye,6581.5,75 years,M,_T
2020,TUR,Türkiye,7160.6,75 years,M,_T
2021,TUR,Türkiye,7710.8,75 years,M,_T
2022,TUR,Türkiye,6665.1,75 years,M,_T
2023,TUR,Türkiye,8454.8,75 years,M,_T
2016,ZAF,South Africa,25072,75 years,M,_T
2017,ZAF,South Africa,23722.9,75 years,M,_T
2018,ZAF,South Africa,22387.4,75 years,M,_T
2016,SVK,Slovak Republic,8878.1,75 years,M,_T
2017,SVK,Slovak Republic,8862.2,75 years,M,_T
2018,SVK,Slovak Republic,8930.3,75 years,M,_T
2019,SVK,Slovak Republic,8636.1,75 years,M,_T
2020,SVK,Slovak Republic,8832.4,75 years,M,_T
2021,SVK,Slovak Republic,10805.6,75 years,M,_T
2022,SVK,Slovak Republic,8935.4,75 years,M,_T
2023,SVK,Slovak Republic,8156.6,75 years,M,_T
2015,DEU,Germany,5552.6,75 years,M,_T
2016,DEU,Germany,5485.5,75 years,M,_T
2017,DEU,Germany,5282.2,75 years,M,_T
2018,DEU,Germany,5330.6,75 years,M,_T
2019,DEU,Germany,5171,75 years,M,_T
2020,DEU,Germany,5215.9,75 years,M,_T
2015,RUS,Russia,19455,75 years,M,_T
2016,RUS,Russia,18644.2,75 years,M,_T
2017,RUS,Russia,17107.2,75 years,M,_T
2018,RUS,Russia,16825.8,75 years,M,_T
2019,RUS,Russia,16211.4,75 years,M,_T
2015,PER,Peru,5329,75 years,M,_T
2016,PER,Peru,5261.9,75 years,M,_T
2017,PER,Peru,6108.8,75 years,M,_T
2018,PER,Peru,6611.6,75 years,M,_T
2019,PER,Peru,6571,75 years,M,_T
2020,PER,Peru,11920.5,75 years,M,_T
2021,PER,Peru,13124.3,75 years,M,_T
2022,PER,Peru,7177.1,75 years,M,_T
2015,HRV,Croatia,7967.5,75 years,M,_T
2016,HRV,Croatia,7550,75 years,M,_T
2017,HRV,Croatia,7570.6,75 years,M,_T
2018,HRV,Croatia,7779.8,75 years,M,_T
2019,HRV,Croatia,7355.9,75 years,M,_T
2020,HRV,Croatia,7568.1,75 years,M,_T
2021,HRV,Croatia,8503.6,75 years,M,_T
2015,KOR,Korea,4977.8,75 years,M,_T
2016,KOR,Korea,4805,75 years,M,_T
2017,KOR,Korea,4588.1,75 years,M,_T
2018,KOR,Korea,4532.8,75 years,M,_T
2019,KOR,Korea,4375.5,75 years,M,_T
2020,KOR,Korea,4236.1,75 years,M,_T
2021,KOR,Korea,4203.6,75 years,M,_T
2022,KOR,Korea,4364.4,75 years,M,_T
2015,EST,Estonia,10026.1,75 years,M,_T
2016,EST,Estonia,9925.7,75 years,M,_T
2017,EST,Estonia,9310.7,75 years,M,_T
2018,EST,Estonia,9065.3,75 years,M,_T
2019,EST,Estonia,8332.6,75 years,M,_T
2020,EST,Estonia,8722.8,75 years,M,_T
2021,EST,Estonia,9778.1,75 years,M,_T
2022,EST,Estonia,9166.2,75 years,M,_T
2015,CZE,Czechia,6967.3,75 years,M,_T
2016,CZE,Czechia,6736.5,75 years,M,_T
2017,CZE,Czechia,6785.3,75 years,M,_T
2018,CZE,Czechia,6757.3,75 years,M,_T
2019,CZE,Czechia,6562.8,75 years,M,_T
2020,CZE,Czechia,6862.8,75 years,M,_T
2021,CZE,Czechia,7863.7,75 years,M,_T
2022,CZE,Czechia,6575.8,75 years,M,_T
2023,CZE,Czechia,6218.9,75 years,M,_T
2015,SVN,Slovenia,5905.2,75 years,M,_T
2016,SVN,Slovenia,5758,75 years,M,_T
2017,SVN,Slovenia,5357.3,75 years,M,_T
2018,SVN,Slovenia,5319.5,75 years,M,_T
2019,SVN,Slovenia,5460.8,75 years,M,_T
2020,SVN,Slovenia,5347,75 years,M,_T
2021,SVN,Slovenia,5604.2,75 years,M,_T
2022,SVN,Slovenia,5256.1,75 years,M,_T
2023,SVN,Slovenia,5012,75 years,M,_T
2015,LTU,Lithuania,14833.1,75 years,M,_T
2016,LTU,Lithuania,14475.2,75 years,M,_T
2017,LTU,Lithuania,12704.9,75 years,M,_T
2018,LTU,Lithuania,12454.7,75 years,M,_T
2019,LTU,Lithuania,11890.4,75 years,M,_T
2020,LTU,Lithuania,13101,75 years,M,_T
2021,LTU,Lithuania,13530.8,75 years,M,_T
2022,LTU,Lithuania,11488,75 years,M,_T
2023,LTU,Lithuania,10385.5,75 years,M,_T
2015,LVA,Latvia,13597.4,75 years,M,_T
2016,LVA,Latvia,13189,75 years,M,_T
2017,LVA,Latvia,13282.8,75 years,M,_T
2018,LVA,Latvia,12995.2,75 years,M,_T
2019,LVA,Latvia,11965.9,75 years,M,_T
2020,LVA,Latvia,12178,75 years,M,_T
2021,LVA,Latvia,14853.5,75 years,M,_T
2022,LVA,Latvia,13614,75 years,M,_T
2023,LVA,Latvia,12647.3,75 years,M,_T
2015,BRA,Brazil,12166.5,75 years,M,_T
2016,BRA,Brazil,12300.1,75 years,M,_T
2017,BRA,Brazil,11975.6,75 years,M,_T
2018,BRA,Brazil,11550.9,75 years,M,_T
2019,BRA,Brazil,11270.2,75 years,M,_T
2020,BRA,Brazil,12433.1,75 years,M,_T
2021,BRA,Brazil,14546.3,75 years,M,_T
2015,MEX,Mexico,11020.1,75 years,M,_T
2016,MEX,Mexico,11566,75 years,M,_T
2017,MEX,Mexico,11941.5,75 years,M,_T
2018,MEX,Mexico,12085.8,75 years,M,_T
2019,MEX,Mexico,12270.7,75 years,M,_T
2020,MEX,Mexico,17686.6,75 years,M,_T
2021,MEX,Mexico,17595.6,75 years,M,_T
2022,MEX,Mexico,12476.1,75 years,M,_T
2015,ARG,Argentina,9377.3,75 years,M,_T
2016,ARG,Argentina,9538.6,75 years,M,_T
2017,ARG,Argentina,9047.8,75 years,M,_T
2018,ARG,Argentina,8972.6,75 years,M,_T
2019,ARG,Argentina,8677.7,75 years,M,_T
2020,ARG,Argentina,9190.8,75 years,M,_T
2021,ARG,Argentina,11282.9,75 years,M,_T
2022,ARG,Argentina,9006.5,75 years,M,_T
2015,ISR,Israel,4439.1,75 years,M,_T
2016,ISR,Israel,4296.4,75 years,M,_T
2017,ISR,Israel,4211,75 years,M,_T
2018,ISR,Israel,4193.5,75 years,M,_T
2019,ISR,Israel,4141.2,75 years,M,_T
2020,ISR,Israel,4125.6,75 years,M,_T
2021,ISR,Israel,4351,75 years,M,_T
2022,ISR,Israel,4090.7,75 years,M,_T
2015,COL,Colombia,8469.7,75 years,M,_T
2016,COL,Colombia,8429.6,75 years,M,_T
2017,COL,Colombia,8222.3,75 years,M,_T
2018,COL,Colombia,8360.7,75 years,M,_T
2019,COL,Colombia,8281.7,75 years,M,_T
2020,COL,Colombia,9358.6,75 years,M,_T
2021,COL,Colombia,11590.2,75 years,M,_T
2015,ROU,Romania,11450,75 years,M,_T
2016,ROU,Romania,11487.6,75 years,M,_T
2017,ROU,Romania,11408.6,75 years,M,_T
2018,ROU,Romania,11501.3,75 years,M,_T
2019,ROU,Romania,11250.7,75 years,M,_T
2020,ROU,Romania,12395.5,75 years,M,_T
2022,ROU,Romania,11301.5,75 years,M,_T
2015,NOR,Norway,4030.3,75 years,M,_T
2016,NOR,Norway,3997.6,75 years,M,_T
2015,LUX,Luxembourg,4135.3,75 years,M,_T
2016,LUX,Luxembourg,4059.6,75 years,M,_T
2017,LUX,Luxembourg,3948,75 years,M,_T
2018,LUX,Luxembourg,3677.6,75 years,M,_T
2019,LUX,Luxembourg,3855.1,75 years,M,_T
2020,LUX,Luxembourg,3744.1,75 years,M,_T
2021,LUX,Luxembourg,3589.8,75 years,M,_T
2022,LUX,Luxembourg,3544.4,75 years,M,_T
2023,LUX,Luxembourg,2967.8,75 years,M,_T
2015,PRT,Portugal,5862.5,75 years,M,_T
2016,PRT,Portugal,5918.6,75 years,M,_T
2017,PRT,Portugal,5845.4,75 years,M,_T
2018,PRT,Portugal,5854.7,75 years,M,_T
2019,PRT,Portugal,5615.6,75 years,M,_T
2022,PRT,Portugal,5666.7,75 years,M,_T
2015,NZL,New Zealand,4974.2,75 years,M,_T
2016,NZL,New Zealand,4934.5,75 years,M,_T
2017,NZL,New Zealand,5112.4,75 years,M,_T
2018,NZL,New Zealand,4927.9,75 years,M,_T
2015,BGR,Bulgaria,11360.2,75 years,M,_T
2016,BGR,Bulgaria,11382.5,75 years,M,_T
2017,BGR,Bulgaria,11239.6,75 years,M,_T
2018,BGR,Bulgaria,11127,75 years,M,_T
2019,BGR,Bulgaria,11072.4,75 years,M,_T
2020,BGR,Bulgaria,12439.3,75 years,M,_T
2021,BGR,Bulgaria,14544.8,75 years,M,_T
2022,BGR,Bulgaria,11892.9,75 years,M,_T
2015,POL,Poland,9744.3,75 years,M,_T
2016,POL,Poland,9549.5,75 years,M,_T
2017,POL,Poland,9477.4,75 years,M,_T
2018,POL,Poland,9572.4,75 years,M,_T
2019,POL,Poland,9360.4,75 years,M,_T
2020,POL,Poland,10396.1,75 years,M,_T
2021,POL,Poland,10951.3,75 years,M,_T
2022,POL,Poland,9778.9,75 years,M,_T
2015,CRI,Costa Rica,7318,75 years,M,_T
2016,CRI,Costa Rica,7688.2,75 years,M,_T
2017,CRI,Costa Rica,7444.5,75 years,M,_T
2018,CRI,Costa Rica,7631.5,75 years,M,_T
2019,CRI,Costa Rica,7281.3,75 years,M,_T
2020,CRI,Costa Rica,7591.2,75 years,M,_T
2021,CRI,Costa Rica,9281.8,75 years,M,_T
2022,CRI,Costa Rica,8100,75 years,M,_T
2015,DNK,Denmark,4913.4,75 years,M,_T
2016,DNK,Denmark,4916.2,75 years,M,_T
2017,DNK,Denmark,4753.7,75 years,M,_T
2018,DNK,Denmark,4734.6,75 years,M,_T
2019,DNK,Denmark,4527.5,75 years,M,_T
2020,DNK,Denmark,4469.7,75 years,M,_T
2021,DNK,Denmark,4331.8,75 years,M,_T
2022,DNK,Denmark,4377.7,75 years,M,_T
2015,CHL,Chile,6854.3,75 years,M,_T
2016,CHL,Chile,6579.3,75 years,M,_T
2017,CHL,Chile,6322.5,75 years,M,_T
2018,CHL,Chile,6196.9,75 years,M,_T
2019,CHL,Chile,6218.9,75 years,M,_T
2020,CHL,Chile,6804.1,75 years,M,_T
2021,CHL,Chile,7400.9,75 years,M,_T
2022,CHL,Chile,6911.9,75 years,M,_T
2015,GBR,United Kingdom,5180.9,75 years,M,_T
2016,GBR,United Kingdom,5196.1,75 years,M,_T
2017,GBR,United Kingdom,5100,75 years,M,_T
2018,GBR,United Kingdom,5339.3,75 years,M,_T
2019,GBR,United Kingdom,5073.8,75 years,M,_T
2020,GBR,United Kingdom,5538.9,75 years,M,_T
2021,GBR,United Kingdom,5768.2,75 years,M,_T
2015,ISL,Iceland,3931.1,75 years,M,_T
2016,ISL,Iceland,4054.7,75 years,M,_T
2017,ISL,Iceland,4264.9,75 years,M,_T
2018,ISL,Iceland,4119.6,75 years,M,_T
2019,ISL,Iceland,3798.2,75 years,M,_T
2020,ISL,Iceland,4141.2,75 years,M,_T
2021,ISL,Iceland,4117.2,75 years,M,_T
2022,ISL,Iceland,3960.8,75 years,M,_T
2015,GRC,Greece,6042.4,75 years,M,_T
2016,GRC,Greece,5898.4,75 years,M,_T
2017,GRC,Greece,5694.7,75 years,M,_T
2018,GRC,Greece,5614.5,75 years,M,_T
2019,GRC,Greece,5592.3,75 years,M,_T
2020,GRC,Greece,5621.7,75 years,M,_T
2021,GRC,Greece,6461.3,75 years,M,_T
2022,GRC,Greece,5957,75 years,M,_T
2015,CHE,Switzerland,4081.4,75 years,M,_T
2016,CHE,Switzerland,3683.8,75 years,M,_T
2017,CHE,Switzerland,3830.5,75 years,M,_T
2018,CHE,Switzerland,3694,75 years,M,_T
2019,CHE,Switzerland,3515.2,75 years,M,_T
2020,CHE,Switzerland,3737.9,75 years,M,_T
2021,CHE,Switzerland,3683.6,75 years,M,_T
2022,CHE,Switzerland,3632.3,75 years,M,_T
2023,CHE,Switzerland,3396.6,75 years,M,_T
2015,FIN,Finland,5475.3,75 years,M,_T
2016,FIN,Finland,5591.5,75 years,M,_T
2017,FIN,Finland,5433.7,75 years,M,_T
2018,FIN,Finland,5311.9,75 years,M,_T
2019,FIN,Finland,5233.5,75 years,M,_T
2020,FIN,Finland,5444.9,75 years,M,_T
2021,FIN,Finland,5170.9,75 years,M,_T
2022,FIN,Finland,5274.3,75 years,M,_T
2015,JPN,Japan,4225.9,75 years,M,_T
2016,JPN,Japan,4131.1,75 years,M,_T
2017,JPN,Japan,4034.6,75 years,M,_T
2018,JPN,Japan,3966.7,75 years,M,_T
2019,JPN,Japan,3903.6,75 years,M,_T
2020,JPN,Japan,3866.1,75 years,M,_T
2021,JPN,Japan,3863.6,75 years,M,_T
2015,BEL,Belgium,5401.5,75 years,M,_T
2016,BEL,Belgium,5321.7,75 years,M,_T
2017,BEL,Belgium,5184.1,75 years,M,_T
2018,BEL,Belgium,5035.3,75 years,M,_T
2019,BEL,Belgium,4859.5,75 years,M,_T
2020,BEL,Belgium,5078,75 years,M,_T
2021,BEL,Belgium,4973.3,75 years,M,_T
2015,IRL,Ireland,4601.7,75 years,M,_T
2016,IRL,Ireland,4468,75 years,M,_T
2017,IRL,Ireland,4222.7,75 years,M,_T
2018,IRL,Ireland,4280.4,75 years,M,_T
2019,IRL,Ireland,4195.8,75 years,M,_T
2020,IRL,Ireland,4352.2,75 years,M,_T
2021,IRL,Ireland,4506.1,75 years,M,_T
2022,IRL,Ireland,4427.6,75 years,M,_T
2015,ITA,Italy,4278.7,75 years,M,_T
2016,ITA,Italy,4077.3,75 years,M,_T
2017,ITA,Italy,4080.6,75 years,M,_T
2018,ITA,Italy,4067.7,75 years,M,_T
2019,ITA,Italy,3919.8,75 years,M,_T
2020,ITA,Italy,4242.5,75 years,M,_T
2021,ITA,Italy,4261.1,75 years,M,_T
2022,ITA,Italy,4080.6,75 years,M,_T
2015,SWE,Sweden,4218.1,75 years,M,_T
2016,SWE,Sweden,4072.9,75 years,M,_T
2017,SWE,Sweden,4017.4,75 years,M,_T
2018,SWE,Sweden,3942.7,75 years,M,_T
2019,SWE,Sweden,3795.1,75 years,M,_T
2020,SWE,Sweden,3972.7,75 years,M,_T
2021,SWE,Sweden,3768.7,75 years,M,_T
2022,SWE,Sweden,3650.9,75 years,M,_T
2023,SWE,Sweden,3578.7,75 years,M,_T
2015,FRA,France,5721.3,75 years,M,_T
2016,FRA,France,5569.5,75 years,M,_T
2017,FRA,France,5483.8,75 years,M,_T
2018,FRA,France,5471,75 years,M,_T
2019,FRA,France,5321.8,75 years,M,_T
2020,FRA,France,5394.6,75 years,M,_T
2021,FRA,France,5453.7,75 years,M,_T
2022,FRA,France,5496.1,75 years,M,_T
2015,CAN,Canada,5071.7,75 years,M,_T
2016,CAN,Canada,5150.3,75 years,M,_T
2017,CAN,Canada,5221.7,75 years,M,_T
2018,CAN,Canada,5337.8,75 years,M,_T
2019,CAN,Canada,5123.4,75 years,M,_T
2020,CAN,Canada,5726.6,75 years,M,_T
2021,CAN,Canada,6006.4,75 years,M,_T
2022,CAN,Canada,5910.5,75 years,M,_T
2015,USA,United States,7821.3,75 years,M,_T
2016,USA,United States,8047.6,75 years,M,_T
2017,USA,United States,8053.8,75 years,M,_T
2018,USA,United States,7908.1,75 years,M,_T
2019,USA,United States,7855.1,75 years,M,_T
2020,USA,United States,9385.7,75 years,M,_T
2021,USA,United States,10355.1,75 years,M,_T
2022,USA,United States,9251.1,75 years,M,_T
2015,ESP,Spain,4585.7,75 years,M,_T
2016,ESP,Spain,4498.9,75 years,M,_T
2017,ESP,Spain,4431,75 years,M,_T
2018,ESP,Spain,4415.6,75 years,M,_T
2019,ESP,Spain,4255.3,75 years,M,_T
2020,ESP,Spain,4536.7,75 years,M,_T
2021,ESP,Spain,4460.6,75 years,M,_T
2022,ESP,Spain,4350.7,75 years,M,_T
2023,ESP,Spain,4111,75 years,M,_T
2015,AUS,Australia,4711.4,75 years,M,_T
2016,AUS,Australia,4542.2,75 years,M,_T
2017,AUS,Australia,4500,75 years,M,_T
2018,AUS,Australia,4400.6,75 years,M,_T
2019,AUS,Australia,4682.5,75 years,M,_T
2020,AUS,Australia,4327.5,75 years,M,_T
2021,AUS,Australia,4356.3,75 years,M,_T
2022,AUS,Australia,4545,75 years,M,_T
2023,AUS,Australia,4338.5,75 years,M,_T
2015,AUT,Austria,5256.2,75 years,M,_T
2016,AUT,Austria,5017.7,75 years,M,_T
2017,AUT,Austria,4879.8,75 years,M,_T
2018,AUT,Austria,4877.8,75 years,M,_T
2019,AUT,Austria,4763.7,75 years,M,_T
2020,AUT,Austria,4826.7,75 years,M,_T
2021,AUT,Austria,5077.1,75 years,M,_T
2022,AUT,Austria,4834.2,75 years,M,_T
2023,AUT,Austria,4712.3,75 years,M,_T
2015,NLD,Netherlands,4218.6,75 years,M,_T
2016,NLD,Netherlands,4183.9,75 years,M,_T
2017,NLD,Netherlands,4167.5,75 years,M,_T
2018,NLD,Netherlands,4084.1,75 years,M,_T
2019,NLD,Netherlands,3960.3,75 years,M,_T
2020,NLD,Netherlands,4172,75 years,M,_T
2021,NLD,Netherlands,4243.3,75 years,M,_T
2022,NLD,Netherlands,4149.6,75 years,M,_T
2023,NLD,Netherlands,4089.9,75 years,M,_T
2015,HUN,Hungary,10312.2,75 years,M,_T
2016,HUN,Hungary,10021.5,75 years,M,_T
2017,HUN,Hungary,9937.7,75 years,M,_T
2018,HUN,Hungary,9831.6,75 years,M,_T
2019,HUN,Hungary,9526.9,75 years,M,_T
2020,HUN,Hungary,9954.6,75 years,M,_T
2021,HUN,Hungary,11562.9,75 years,M,_T
2022,HUN,Hungary,9635,75 years,M,_T
2023,HUN,Hungary,8775.4,75 years,M,_T
2015,HUN,Hungary,7513,75 years,_T,_T
2016,HUN,Hungary,7196.9,75 years,_T,_T
2017,HUN,Hungary,7203.1,75 years,_T,_T
2018,HUN,Hungary,7074.8,75 years,_T,_T
2019,HUN,Hungary,6883.9,75 years,_T,_T
2020,HUN,Hungary,7203.5,75 years,_T,_T
2021,HUN,Hungary,8442.8,75 years,_T,_T
2022,HUN,Hungary,6989.6,75 years,_T,_T
2023,HUN,Hungary,6462.1,75 years,_T,_T
2015,NLD,Netherlands,3610.6,75 years,_T,_T
2016,NLD,Netherlands,3637.1,75 years,_T,_T
2017,NLD,Netherlands,3547.3,75 years,_T,_T
2018,NLD,Netherlands,3486.1,75 years,_T,_T
2019,NLD,Netherlands,3408.4,75 years,_T,_T
2020,NLD,Netherlands,3533.8,75 years,_T,_T
2021,NLD,Netherlands,3631.7,75 years,_T,_T
2022,NLD,Netherlands,3550,75 years,_T,_T
2023,NLD,Netherlands,3456.1,75 years,_T,_T
2015,AUT,Austria,4013,75 years,_T,_T
2016,AUT,Austria,3878.4,75 years,_T,_T
2017,AUT,Austria,3763.5,75 years,_T,_T
2018,AUT,Austria,3763.9,75 years,_T,_T
2019,AUT,Austria,3678.3,75 years,_T,_T
2020,AUT,Austria,3715,75 years,_T,_T
2021,AUT,Austria,3852.8,75 years,_T,_T
2022,AUT,Austria,3715.3,75 years,_T,_T
2023,AUT,Austria,3597,75 years,_T,_T
2015,AUS,Australia,3730.2,75 years,_T,_T
2016,AUS,Australia,3603.7,75 years,_T,_T
2017,AUS,Australia,3565.9,75 years,_T,_T
2018,AUS,Australia,3479.7,75 years,_T,_T
2019,AUS,Australia,3661.2,75 years,_T,_T
2020,AUS,Australia,3405.7,75 years,_T,_T
2021,AUS,Australia,3453.1,75 years,_T,_T
2022,AUS,Australia,3616.1,75 years,_T,_T
2023,AUS,Australia,3434.4,75 years,_T,_T
2015,USA,United States,6347.2,75 years,_T,_T
2016,USA,United States,6511.9,75 years,_T,_T
2017,USA,United States,6502.5,75 years,_T,_T
2018,USA,United States,6380.1,75 years,_T,_T
2019,USA,United States,6328.7,75 years,_T,_T
2020,USA,United States,7450.1,75 years,_T,_T
2021,USA,United States,8252.7,75 years,_T,_T
2022,USA,United States,7384.3,75 years,_T,_T
2015,CAN,Canada,4148,75 years,_T,_T
2016,CAN,Canada,4210.3,75 years,_T,_T
2017,CAN,Canada,4211.5,75 years,_T,_T
2018,CAN,Canada,4299.4,75 years,_T,_T
2019,CAN,Canada,4121.9,75 years,_T,_T
2020,CAN,Canada,4538.6,75 years,_T,_T
2021,CAN,Canada,4718.1,75 years,_T,_T
2022,CAN,Canada,4729.8,75 years,_T,_T
2015,FRA,France,4219.8,75 years,_T,_T
2016,FRA,France,4127.1,75 years,_T,_T
2017,FRA,France,4099.9,75 years,_T,_T
2018,FRA,France,4094.1,75 years,_T,_T
2019,FRA,France,3982.9,75 years,_T,_T
2020,FRA,France,4019,75 years,_T,_T
2021,FRA,France,4055.3,75 years,_T,_T
2022,FRA,France,4125.2,75 years,_T,_T
2015,ESP,Spain,3408.6,75 years,_T,_T
2016,ESP,Spain,3346.3,75 years,_T,_T
2017,ESP,Spain,3324.6,75 years,_T,_T
2018,ESP,Spain,3301.3,75 years,_T,_T
2019,ESP,Spain,3189.5,75 years,_T,_T
2020,ESP,Spain,3392.6,75 years,_T,_T
2021,ESP,Spain,3334.1,75 years,_T,_T
2022,ESP,Spain,3282.9,75 years,_T,_T
2023,ESP,Spain,3112.7,75 years,_T,_T
2015,ITA,Italy,3322.7,75 years,_T,_T
2016,ITA,Italy,3189.8,75 years,_T,_T
2017,ITA,Italy,3190.9,75 years,_T,_T
2018,ITA,Italy,3180.3,75 years,_T,_T
2019,ITA,Italy,3064.5,75 years,_T,_T
2020,ITA,Italy,3274.3,75 years,_T,_T
2021,ITA,Italy,3311.2,75 years,_T,_T
2022,ITA,Italy,3181,75 years,_T,_T
2015,SWE,Sweden,3409.3,75 years,_T,_T
2016,SWE,Sweden,3330.3,75 years,_T,_T
2017,SWE,Sweden,3282.2,75 years,_T,_T
2018,SWE,Sweden,3225.9,75 years,_T,_T
2019,SWE,Sweden,3126.1,75 years,_T,_T
2020,SWE,Sweden,3187.2,75 years,_T,_T
2021,SWE,Sweden,3058.4,75 years,_T,_T
2022,SWE,Sweden,2976.8,75 years,_T,_T
2023,SWE,Sweden,2958,75 years,_T,_T
2015,IRL,Ireland,3717.8,75 years,_T,_T
2016,IRL,Ireland,3598.6,75 years,_T,_T
2017,IRL,Ireland,3426.2,75 years,_T,_T
2018,IRL,Ireland,3503.5,75 years,_T,_T
2019,IRL,Ireland,3358.7,75 years,_T,_T
2020,IRL,Ireland,3518.8,75 years,_T,_T
2021,IRL,Ireland,3640.4,75 years,_T,_T
2022,IRL,Ireland,3577.1,75 years,_T,_T
2015,BEL,Belgium,4306.9,75 years,_T,_T
2016,BEL,Belgium,4173.4,75 years,_T,_T
2017,BEL,Belgium,4109.2,75 years,_T,_T
2018,BEL,Belgium,4045.3,75 years,_T,_T
2019,BEL,Belgium,3885.8,75 years,_T,_T
2020,BEL,Belgium,4024.3,75 years,_T,_T
2021,BEL,Belgium,3945.8,75 years,_T,_T
2015,JPN,Japan,3205.6,75 years,_T,_T
2016,JPN,Japan,3150.8,75 years,_T,_T
2017,JPN,Japan,3064.8,75 years,_T,_T
2018,JPN,Japan,3036.3,75 years,_T,_T
2019,JPN,Japan,2994.8,75 years,_T,_T
2020,JPN,Japan,2962.5,75 years,_T,_T
2021,JPN,Japan,2967.9,75 years,_T,_T
2015,FIN,Finland,4025.3,75 years,_T,_T
2016,FIN,Finland,4101.5,75 years,_T,_T
2017,FIN,Finland,4066,75 years,_T,_T
2018,FIN,Finland,3981.8,75 years,_T,_T
2019,FIN,Finland,3930.2,75 years,_T,_T
2020,FIN,Finland,3995.3,75 years,_T,_T
2021,FIN,Finland,3880.8,75 years,_T,_T
2022,FIN,Finland,4016.3,75 years,_T,_T
2015,ISL,Iceland,3315.3,75 years,_T,_T
2016,ISL,Iceland,3211.1,75 years,_T,_T
2017,ISL,Iceland,3289.2,75 years,_T,_T
2018,ISL,Iceland,3238.6,75 years,_T,_T
2019,ISL,Iceland,3091.3,75 years,_T,_T
2020,ISL,Iceland,3361.2,75 years,_T,_T
2021,ISL,Iceland,3314.6,75 years,_T,_T
2022,ISL,Iceland,3297,75 years,_T,_T
2015,GRC,Greece,4370.8,75 years,_T,_T
2016,GRC,Greece,4306.4,75 years,_T,_T
2017,GRC,Greece,4105.4,75 years,_T,_T
2018,GRC,Greece,4034.6,75 years,_T,_T
2019,GRC,Greece,4048.9,75 years,_T,_T
2020,GRC,Greece,4071.2,75 years,_T,_T
2021,GRC,Greece,4662.9,75 years,_T,_T
2022,GRC,Greece,4291.8,75 years,_T,_T
2015,CHE,Switzerland,3226.7,75 years,_T,_T
2016,CHE,Switzerland,3035.9,75 years,_T,_T
2017,CHE,Switzerland,3021.1,75 years,_T,_T
2018,CHE,Switzerland,2999.4,75 years,_T,_T
2019,CHE,Switzerland,2836.5,75 years,_T,_T
2020,CHE,Switzerland,2969.5,75 years,_T,_T
2021,CHE,Switzerland,2913.4,75 years,_T,_T
2022,CHE,Switzerland,2909.5,75 years,_T,_T
2023,CHE,Switzerland,2723.4,75 years,_T,_T
2015,GBR,United Kingdom,4229.8,75 years,_T,_T
2016,GBR,United Kingdom,4265.9,75 years,_T,_T
2017,GBR,United Kingdom,4157.6,75 years,_T,_T
2018,GBR,United Kingdom,4353.1,75 years,_T,_T
2019,GBR,United Kingdom,4147.7,75 years,_T,_T
2020,GBR,United Kingdom,4473.4,75 years,_T,_T
2021,GBR,United Kingdom,4628.9,75 years,_T,_T
2015,DNK,Denmark,4033.3,75 years,_T,_T
2016,DNK,Denmark,4041.8,75 years,_T,_T
2017,DNK,Denmark,3847.6,75 years,_T,_T
2018,DNK,Denmark,3852.8,75 years,_T,_T
2019,DNK,Denmark,3650.5,75 years,_T,_T
2020,DNK,Denmark,3623.7,75 years,_T,_T
2021,DNK,Denmark,3577,75 years,_T,_T
2022,DNK,Denmark,3576.2,75 years,_T,_T
2015,CHL,Chile,5337.7,75 years,_T,_T
2016,CHL,Chile,5150.2,75 years,_T,_T
2017,CHL,Chile,4951.3,75 years,_T,_T
2018,CHL,Chile,4853.8,75 years,_T,_T
2019,CHL,Chile,4851.4,75 years,_T,_T
2020,CHL,Chile,5239.7,75 years,_T,_T
2021,CHL,Chile,5698.8,75 years,_T,_T
2022,CHL,Chile,5298.8,75 years,_T,_T
2015,CRI,Costa Rica,5492.9,75 years,_T,_T
2016,CRI,Costa Rica,5785.4,75 years,_T,_T
2017,CRI,Costa Rica,5713.3,75 years,_T,_T
2018,CRI,Costa Rica,5767.3,75 years,_T,_T
2019,CRI,Costa Rica,5711.7,75 years,_T,_T
2020,CRI,Costa Rica,5812.8,75 years,_T,_T
2021,CRI,Costa Rica,7032.9,75 years,_T,_T
2022,CRI,Costa Rica,6122.6,75 years,_T,_T
2015,POL,Poland,6741.4,75 years,_T,_T
2016,POL,Poland,6605.3,75 years,_T,_T
2017,POL,Poland,6592.7,75 years,_T,_T
2018,POL,Poland,6655.6,75 years,_T,_T
2019,POL,Poland,6506.1,75 years,_T,_T
2020,POL,Poland,7166.5,75 years,_T,_T
2021,POL,Poland,7634.2,75 years,_T,_T
2022,POL,Poland,6803.9,75 years,_T,_T
2015,BGR,Bulgaria,8256.5,75 years,_T,_T
2016,BGR,Bulgaria,8215.2,75 years,_T,_T
2017,BGR,Bulgaria,8168.9,75 years,_T,_T
2018,BGR,Bulgaria,8126,75 years,_T,_T
2019,BGR,Bulgaria,8006.3,75 years,_T,_T
2020,BGR,Bulgaria,9014.5,75 years,_T,_T
2021,BGR,Bulgaria,10828.9,75 years,_T,_T
2022,BGR,Bulgaria,8644.3,75 years,_T,_T
2015,NZL,New Zealand,4130.4,75 years,_T,_T
2016,NZL,New Zealand,4065.6,75 years,_T,_T
2017,NZL,New Zealand,4195.7,75 years,_T,_T
2018,NZL,New Zealand,4106.6,75 years,_T,_T
2015,LUX,Luxembourg,3105,75 years,_T,_T
2016,LUX,Luxembourg,3186.9,75 years,_T,_T
2017,LUX,Luxembourg,3161.9,75 years,_T,_T
2018,LUX,Luxembourg,2916,75 years,_T,_T
2019,LUX,Luxembourg,2941.3,75 years,_T,_T
2020,LUX,Luxembourg,2926.2,75 years,_T,_T
2021,LUX,Luxembourg,2848.7,75 years,_T,_T
2022,LUX,Luxembourg,2695.1,75 years,_T,_T
2023,LUX,Luxembourg,2466.2,75 years,_T,_T
2015,PRT,Portugal,4189.7,75 years,_T,_T
2016,PRT,Portugal,4205.1,75 years,_T,_T
2017,PRT,Portugal,4174.3,75 years,_T,_T
2018,PRT,Portugal,4181.4,75 years,_T,_T
2019,PRT,Portugal,4048.9,75 years,_T,_T
2022,PRT,Portugal,4102.5,75 years,_T,_T
2015,NOR,Norway,3281.5,75 years,_T,_T
2016,NOR,Norway,3283.6,75 years,_T,_T
2015,ROU,Romania,8228.8,75 years,_T,_T
2016,ROU,Romania,8235.3,75 years,_T,_T
2017,ROU,Romania,8174.5,75 years,_T,_T
2018,ROU,Romania,8201,75 years,_T,_T
2019,ROU,Romania,7980,75 years,_T,_T
2020,ROU,Romania,8822.1,75 years,_T,_T
2022,ROU,Romania,7905.8,75 years,_T,_T
2015,COL,Colombia,6509.8,75 years,_T,_T
2016,COL,Colombia,6509.6,75 years,_T,_T
2017,COL,Colombia,6337.5,75 years,_T,_T
2018,COL,Colombia,6479.9,75 years,_T,_T
2019,COL,Colombia,6403,75 years,_T,_T
2020,COL,Colombia,7156.5,75 years,_T,_T
2021,COL,Colombia,8862.2,75 years,_T,_T
2015,ISR,Israel,3452.8,75 years,_T,_T
2016,ISR,Israel,3388.8,75 years,_T,_T
2017,ISR,Israel,3312.5,75 years,_T,_T
2018,ISR,Israel,3250.9,75 years,_T,_T
2019,ISR,Israel,3218.3,75 years,_T,_T
2020,ISR,Israel,3172.9,75 years,_T,_T
2021,ISR,Israel,3331.4,75 years,_T,_T
2022,ISR,Israel,3173.6,75 years,_T,_T
2015,ARG,Argentina,7358.9,75 years,_T,_T
2016,ARG,Argentina,7524.4,75 years,_T,_T
2017,ARG,Argentina,7173.9,75 years,_T,_T
2018,ARG,Argentina,7098.5,75 years,_T,_T
2019,ARG,Argentina,6923.4,75 years,_T,_T
2020,ARG,Argentina,7263.9,75 years,_T,_T
2021,ARG,Argentina,8978.8,75 years,_T,_T
2022,ARG,Argentina,7285.3,75 years,_T,_T
2015,MEX,Mexico,8445.2,75 years,_T,_T
2016,MEX,Mexico,8750.2,75 years,_T,_T
2017,MEX,Mexico,8939,75 years,_T,_T
2018,MEX,Mexico,8963.7,75 years,_T,_T
2019,MEX,Mexico,9064.3,75 years,_T,_T
2020,MEX,Mexico,12801.2,75 years,_T,_T
2021,MEX,Mexico,12960.4,75 years,_T,_T
2022,MEX,Mexico,9208.7,75 years,_T,_T
2015,BRA,Brazil,9116,75 years,_T,_T
2016,BRA,Brazil,9198.5,75 years,_T,_T
2017,BRA,Brazil,8942.1,75 years,_T,_T
2018,BRA,Brazil,8685.8,75 years,_T,_T
2019,BRA,Brazil,8457.3,75 years,_T,_T
2020,BRA,Brazil,9365,75 years,_T,_T
2021,BRA,Brazil,11208.1,75 years,_T,_T
2015,LVA,Latvia,8958.2,75 years,_T,_T
2016,LVA,Latvia,8772.8,75 years,_T,_T
2017,LVA,Latvia,8793.8,75 years,_T,_T
2018,LVA,Latvia,8659.2,75 years,_T,_T
2019,LVA,Latvia,8105.5,75 years,_T,_T
2020,LVA,Latvia,8137.6,75 years,_T,_T
2021,LVA,Latvia,9880,75 years,_T,_T
2022,LVA,Latvia,8969.5,75 years,_T,_T
2023,LVA,Latvia,8262.2,75 years,_T,_T
2015,LTU,Lithuania,9608.5,75 years,_T,_T
2016,LTU,Lithuania,9326.4,75 years,_T,_T
2017,LTU,Lithuania,8333.5,75 years,_T,_T
2018,LTU,Lithuania,8195.9,75 years,_T,_T
2019,LTU,Lithuania,7866.8,75 years,_T,_T
2020,LTU,Lithuania,8626.9,75 years,_T,_T
2021,LTU,Lithuania,9064.1,75 years,_T,_T
2022,LTU,Lithuania,7804.4,75 years,_T,_T
2023,LTU,Lithuania,7013.9,75 years,_T,_T
2015,SVN,Slovenia,4320.8,75 years,_T,_T
2016,SVN,Slovenia,4201.1,75 years,_T,_T
2017,SVN,Slovenia,4045.3,75 years,_T,_T
2018,SVN,Slovenia,3952.2,75 years,_T,_T
2019,SVN,Slovenia,3944.1,75 years,_T,_T
2020,SVN,Slovenia,3927.1,75 years,_T,_T
2021,SVN,Slovenia,4103.6,75 years,_T,_T
2022,SVN,Slovenia,3911,75 years,_T,_T
2023,SVN,Slovenia,3660.4,75 years,_T,_T
2015,CZE,Czechia,5093.2,75 years,_T,_T
2016,CZE,Czechia,4989.5,75 years,_T,_T
2017,CZE,Czechia,4964.8,75 years,_T,_T
2018,CZE,Czechia,4971.8,75 years,_T,_T
2019,CZE,Czechia,4869.8,75 years,_T,_T
2020,CZE,Czechia,5047.6,75 years,_T,_T
2021,CZE,Czechia,5800.3,75 years,_T,_T
2022,CZE,Czechia,4859.2,75 years,_T,_T
2023,CZE,Czechia,4564.4,75 years,_T,_T
2015,EST,Estonia,6725.1,75 years,_T,_T
2016,EST,Estonia,6740.4,75 years,_T,_T
2017,EST,Estonia,6205.8,75 years,_T,_T
2018,EST,Estonia,6021.2,75 years,_T,_T
2019,EST,Estonia,5655.2,75 years,_T,_T
2020,EST,Estonia,5902.7,75 years,_T,_T
2021,EST,Estonia,6602.9,75 years,_T,_T
2022,EST,Estonia,6224,75 years,_T,_T
2015,KOR,Korea,3611.4,75 years,_T,_T
2016,KOR,Korea,3505.3,75 years,_T,_T
2017,KOR,Korea,3325,75 years,_T,_T
2018,KOR,Korea,3320.7,75 years,_T,_T
2019,KOR,Korea,3224.4,75 years,_T,_T
2020,KOR,Korea,3146.9,75 years,_T,_T
2021,KOR,Korea,3128.8,75 years,_T,_T
2022,KOR,Korea,3262,75 years,_T,_T
2015,HRV,Croatia,5743.9,75 years,_T,_T
2016,HRV,Croatia,5367.9,75 years,_T,_T
2017,HRV,Croatia,5449.5,75 years,_T,_T
2018,HRV,Croatia,5485.6,75 years,_T,_T
2019,HRV,Croatia,5282.8,75 years,_T,_T
2020,HRV,Croatia,5454.2,75 years,_T,_T
2021,HRV,Croatia,6160.7,75 years,_T,_T
2015,PER,Peru,4539.8,75 years,_T,_T
2016,PER,Peru,4481.6,75 years,_T,_T
2017,PER,Peru,5269.4,75 years,_T,_T
2018,PER,Peru,5677.2,75 years,_T,_T
2019,PER,Peru,5584.7,75 years,_T,_T
2020,PER,Peru,9308,75 years,_T,_T
2021,PER,Peru,10578.8,75 years,_T,_T
2022,PER,Peru,5993.2,75 years,_T,_T
2015,RUS,Russia,12848,75 years,_T,_T
2016,RUS,Russia,12322.4,75 years,_T,_T
2017,RUS,Russia,11343.4,75 years,_T,_T
2018,RUS,Russia,11168.3,75 years,_T,_T
2019,RUS,Russia,10769.3,75 years,_T,_T
2015,DEU,Germany,4310.2,75 years,_T,_T
2016,DEU,Germany,4265.7,75 years,_T,_T
2017,DEU,Germany,4126.9,75 years,_T,_T
2018,DEU,Germany,4161.7,75 years,_T,_T
2019,DEU,Germany,4028.9,75 years,_T,_T
2020,DEU,Germany,4040.6,75 years,_T,_T
2016,SVK,Slovak Republic,6376.2,75 years,_T,_T
2017,SVK,Slovak Republic,6334,75 years,_T,_T
2018,SVK,Slovak Republic,6406.7,75 years,_T,_T
2019,SVK,Slovak Republic,6221.6,75 years,_T,_T
2020,SVK,Slovak Republic,6364.9,75 years,_T,_T
2021,SVK,Slovak Republic,7802.8,75 years,_T,_T
2022,SVK,Slovak Republic,6381.1,75 years,_T,_T
2023,SVK,Slovak Republic,5898.3,75 years,_T,_T
2016,ZAF,South Africa,20029.7,75 years,_T,_T
2017,ZAF,South Africa,18965.8,75 years,_T,_T
2018,ZAF,South Africa,17994.3,75 years,_T,_T
2017,TUR,Türkiye,5541.1,75 years,_T,_T
2018,TUR,Türkiye,5258.2,75 years,_T,_T
2019,TUR,Türkiye,5072.3,75 years,_T,_T
2020,TUR,Türkiye,5438.2,75 years,_T,_T
2021,TUR,Türkiye,5993.6,75 years,_T,_T
2022,TUR,Türkiye,5114.6,75 years,_T,_T
2023,TUR,Türkiye,6986.5,75 years,_T,_T
2016,TUR,Türkiye,7334.2,75 years,M,_T
2016,TUR,Türkiye,5707.3,75 years,_T,_T
2016,TUR,Türkiye,4110.3,75 years,F,_T
2015,TUR,Türkiye,3993.7,75 years,F,_T
2015,TUR,Türkiye,5493.8,75 years,_T,_T
2015,TUR,Türkiye,7027.9,75 years,M,_T
